{"cameraMode":{"drawMode":0,"name":"Shaded","section":"Shading Mode"},"sceneLighting":true,"audioPlay":false,"sceneViewState":{"m_AlwaysRefresh":false,"showFog":true,"showSkybox":true,"showFlares":true,"showImageEffects":true,"showParticleSystems":true,"showVisualEffectGraphs":true,"m_FxEnabled":true},"in2DMode":false,"pivot":{"x":-2.1419570446014406,"y":3.6117053031921388,"z":8.81474494934082},"rotation":{"x":0.00026291111134923995,"y":0.999809205532074,"z":-0.013496753759682179,"w":0.01798941008746624},"size":1.2681593894958497,"orthographic":false}